P31 è Q179049 per tutti,,,"Per P131, P809 e P627 alcuni elementi hanno due valori, separati con /",,,,,L'unità di misura delle superfici è ha (Q35852),,,,,,,,,,
,,,,,,,,,,,,,,,,,,
ID Wikidata,P131,P625,P4800,P809,P627,P3425,Etichetta,P2046,P1435,,,,,,,,P126,P571
,,,,,,,,,Q796174,Q1191622,Q2463705,Q46169,Q48078443,Q3936952,Q3936950,Q23790,,
,SO,46.15876°N 9.893705°E,EUAP1175,"178919/555540098",Q14545639,IT2040402,[[Riserva regionale Bosco dei Bordighi]],47,,,x,,,,x,,Comunità Montana Valtellina di Sondrio,2004
,SO,46.290278°N 9.759722°E,,555540092,,IT2040017,[[Disgrazia - Sissone]],3010,x,x,x,,,,,,Provincia di Sondrio,2006
,SO,46.243°N 9.485°E,,555540093,,IT2040018,[[Val Codera (area protetta)|Val Codera]],818,x,x,x,,,,,,Comunità montana Valchiavenna,2006
,SO,46.255556°N 9.946944°E,,555540094,,IT2040021,[[Val di Togno - Pizzo Scalino]],3150,x,x,x,,,,,,Provincia di Sondrio,2006
,SO,46.343611°N 9.905833°E,,555580384,,IT2040016,[[Monte di Scerscen - Ghiacciai di Scerscen - Monte Motta]],9666,x,,x,,,,,,Provincia di Sondrio,2006
,VA,8.817778°N 46.063333°E,,555528312,,IT2010016,[[Val Veddasca (area protetta)|Val Veddasca]],4919,x,x,,,,,,,"Comunità Montana Valli del Verbano",
,VA,45.878°N 8.645°E,,555528314,,IT2010018,[[Monte Sangiano]],195,x,x,,,,,,,"Comunità Montana Valli del Verbano",
,VA,45.92°N 8.7083°E,,555528315,,IT2010019,[[Monti della Valcuvia]],1629,x,x,,,,,,,"Comunità Montana Valli del Verbano",
,VA,45.908°N 8.876°E,,555528316,,IT2010020,[[Torbiera di Cavagnano]],6,x,x,,,,,,,Provincia di Varese,
,CO,46.1936°N 9.2333°E,,555528327,,IT2020009,[[Valle del Dosso]],1652,x,x,,,,,,,Provincia di Como,
,CO,45.8336°N 9.2733°E,,555528328,,IT2020010,[[Lago di Segrino]],282,x,x,,,,,,,Consorzio Parco Lago del Segrino,
,SO,46.5425°N 10.0825°E,,555528339,,IT2040003,[[Val Federia]],1593,x,x,,,,,,,Provincia di Sondrio,
,SO,46.45°N 10.049°E,,555528341,,IT2040005,[[Valle della Forcola]],212,x,x,,,,,,,Provincia di Sondrio,
,SO,46.4931°N 10.17°E,,555528342,,IT2040006,[[La Vallaccia - Pizzo Filone]],1982,x,x,,,,,,,Provincia di Sondrio,
,SO,46.4901°N 10.2052°E,,555528343,,IT2040007,[[Passo e Monte di Foscagno]],1081,x,x,,,,,,,Provincia di Sondrio,
,SO,46.4466°N 10.1003°E,,555528347,,IT2040011,[[Monte Vago - Val di Campo - Val Nera]],2874,x,x,,,,,,,Provincia di Sondrio,
,SO,46.4283°N 10.2428°E,,555528348,,IT2040012,[[Val Viola Bormina - Ghiacciaio di Cima dei Piazzi]],5962,x,x,,,,,,,Provincia di Sondrio,
,BS/SO,46.1961°N 10.1728°E,,555528355,,IT2040024,[[da Monte Belvedere a Vallorda]],2119,x,x,,,,,,,Provincia di Brescia/Provincia di Sondrio,
,SO,46.388°N 10.259°E,,555528368,,IT2040037,[[Rifugio Falk]],4.22,x,x,,,,,,,Provincia di Sondrio,
,SO,46.2556°N 10.0086°E,,555528369,,IT2040038,[[Val Fontana]],4210,x,x,,,,,,,Provincia di Sondrio,
,SO,46.3561°N 9.3808°E,,555528370,,IT2040039,[[Val Zerta]],1585,x,x,,,,,,,Provincia di Sondrio,
,SO,46.2631°N 9.2803°E,,555528371,,IT2040040,[[Val Bodengo]],2555,x,x,,,,,,,Provincia di Sondrio,
,SO,46.251°N 9.408°E,,555528372,,IT2040041,[[Piano di Chiavenna]],2514,x,x,,,,,,,Comunità montana della Valchiavenna,
,BS,46.1883°N 10.3839°E,,555528399,,IT2070002,[[Monte Piccolo - Monte Colmo]],412,x,x,,,,,,,Comunità montana di Valle Camonica,
,BS,46.1024°N 10.3359°E,,555528408,,IT2070011,[[Torbiera La Goia]],0.2,x,x,,,,,,,Comunità montana di Valle Camonica,
,BS,46.0147°N 10.4531°E,,555528411,,IT2070014,[[Lago di Pile]],4,x,x,,,,,,,Comunità montana di Valle Camonica,
,BS,46.0567°N 10.3761°E,,555528419,,IT2070023,[[Belvedere - Tri Plane]],26,x,x,,,,,,,Comunità Montana di Valle Camonica,
,CO,45.948715°N 9.021957°E,,555540087,,IT2020302,[[Monte Generoso (area protetta)|Monte Generoso]],237,,,x,,,,,,Ente Regionale per i Servizi all'Agricoltura e alle Foreste,2003
,BG,45.852724°N 9.474939°E,,555540106,,IT2060301,[[Monte Resegone]],429,,,x,,,,,,Ente Regionale per i Servizi all'Agricoltura e alle Foreste,2003
,BG,45.869147°N 9.509958°E,,555540107,,IT2060302,[[Costa del Pallio]],295,,,x,,,,,,"Ente Regionale per i Servizi all'Agricoltura e alle Foreste",2003
,BG,45.893236°N 10.11331°E,,555540108,,IT2060304,[[Val di Scalve (area protetta)|Val di Scalve]],671,,,x,,,,,,Ente Regionale per i Servizi all'Agricoltura e alle Foreste,2003
,BG,46.077259°N 10.057279°E,,555540110,,IT2060506,[[Belviso Barbellino]],1944,,,x,,,,,,Azienda Faunistico-Venatoria Valbelviso Barbellino,2005
,BS,46.056148°N 10.261552°E,,555540112,,IT2070301,[[Foresta di Legnoli]],332,,,x,,,,,,Ente Regionale per i Servizi all'Agricoltura e alle Foreste,2003
,IM,43.938056°N 7.762222°E,,,,,[[Monte Ceppo (area protetta)|Monte Ceppo]],,x,,x,,,,,,Ente Parco delle Alpi Liguri,
,SV,"44.1311°N 8.045°E",,555528220,,IT1323920,[[Monte Galero (area protetta)|Monte Galero]],3194,x,x,,,,,,,Provincia di Savona,
,SV,"44.2178°N 8.1833°E",,555528214,,IT1323112,[[Monte Carmo - Monte Settepani]],7575,x,x,,,,,,,Provincia di Savona,
,SV,44.2167°N 8.0886°E,,555528212,,IT1323014,[[Monte Spinarda - Rio Nero]],943,x,x,,,,,,,Provincia di Savona,
,SV,44.2783°N 8.1069°E,,555528213,,"IT1323021",[[Bric Zerbi]],711,x,x,,,,,,,Provincia di Savona,
,SV,44.3328°N 8.1456°E,,555528204,,IT1322122,"[[Croce della Tia - Rio Barchei]]",660,x,x,,,,,,,Provincia di Savona,
,SV,44.3108°N 8.2497°E,,555528205,,IT1322216,"[[Ronco di Maglio (area protetta)|Ronco di Maglio]]",1449,x,x,,,,,,,Provincia di Savona,
,IM,"43.891111°N 7.573333°E",,555528185,,IT1315714,[[Monte Abellio (area protetta)|Monte Abellio]],744,x,,,,,,,,Provincia di Imperia,
,IM,43.8025°N 7.573889°E,,555528186,,IT1315715,[[Castel d'Appio (area protetta)|Castel d'Appio]],9.3,x,,,,,,,,Provincia di Imperia,
,IM,43.816111°N 7.591111°E,,555528190,,IT1315720,[[Fiume Roia (area protetta)|Fiume Roia]],120,x,,,,,,,,Provincia di Imperia,
,IM,43.805833°N 7.609722°E,,555528187,,IT1315716,[[Roverino (area protetta)|Roverino]],336,x,,,,,,,,Provincia di Imperia,
,IM,"43.8025°N 7.625833°E",,555528189,,IT1315719,[[Torrente Nervia (area protetta)|Torrente Nervia]],44,x,,,,,,,,Provincia di Imperia,
,IM,43.841944°N 7.725833°E,,555528192,,IT1315806,[[Monte Nero - Monte Bignone]],3388,x,,,,,,,,Provincia di Imperia,
,IM,43.871389°N 7.808333°E,,555528191,,IT1315805,[[Bassa Valle Armea]],789,x,,,,,,,,Provincia di Imperia,
,IM,"43.864722°N 7.894167°E",,555528193,,IT1315922,"[[Pompeiana (area protetta)|Pompeiana]]",184,x,,,,,,,,Provincia di Imperia,
,IM,44.003056°N 7.841111°E,,555528182,,IT1315504,[[Bosco di Rezzo]],1083,x,,,,,,,,Ente Parco delle Alpi Liguri,
,IM,"43.968889°N 7.853611°E",,555528181,,IT1315503,[[Monte Carpasina (area protetta)|Monte Carpasina]],1353,x,,,,,,,,Provincia di Imperia,
,IM,"44.004444°N 7.934722°E",,555528176,,IT1314723,[[Campasso - Grotta Sgarbu Du Ventu]],105,x,,,,,,,,Provincia di Imperia,
,IM,"43.953611°N 7.714167°E",,555528179,,IT1315408,[[Lecceta di Langan]],238,x,,,,,,,,Provincia di Imperia,
,IM/SV,43.974167°N 8.041667°E,,555528183,,IT1315602,[[Pizzo d'Evigno]],2198,x,,,,,,,,Q48689312,
,IM/SV,44.097222°N 8.044722°E,,555528224,,IT1324818,[[Castell'Ermo - Peso Grande]],1964,x,,,,,,,,Q48689312,
,SV,44.101944°N 8.179722°E,,555528228,,IT1324910,[[Monte Acuto - Poggio Grande - Rio Torsero]],2420,x,,,,,,,,Provincia di Savona,
,SV,"44.145278°N 8.180833°E",,555528222,,IT1324011,[[Monte Ravinet - Rocca Barbena]],2576,x,,,,,,,,Provincia di Savona,
,SV,44.153333°N 8.248333°E,,555528221,,IT1324007,[[Monte Ciazze Secche]],302,x,,,,,,,,Provincia di Savona,
,SV,44.198056°N 8.383611°E,,555528216,,IT1323201,[[Finalese - Capo Noli]],2782,x,,,,,,,,Provincia di Savona,
,SV,"44.255°N 8.354444°E",,555528218,,IT1323203,[[Rocca dei Corvi - Mao - Mortou]],1613,x,,,,,,,,Provincia di Savona,
,SV,44.031944°N 8.099167°E,,555528225,,IT1324896,[[Lerrone - Valloni]],21,x,,,,,,,,Provincia di Savona,
,VR,45.653333°N 10.867222°E,,"555540195/555580437",,IT3210041,[[Monte Baldo Est]],2762,x,,x,,,,,,Comunità montana del Baldo,
,VI,45.956667°N 11.481389°E,,"555540198/555580439",,IT3220036,[[Altopiano dei Sette Comuni (area protetta)|Altopiano dei Sette Comuni]],14988,x,,x,,,,,,Comunità Montana Spettabile Reggenza dei Sette Comuni,
,VI/TV/BL,45.898333°N 11.808889°E,,"555540199/555540199",,IT3230022,[[Masxcio del Grappa (area protetta)|Masxcio del Grappa]],22473,x,,x,,,,,,Comunità montana Feltrina,
,BL/TV,46.0791°N 12.0707°E,,555528647,Q14545639,IT3230088,[[Fiume Piave dai Maserot alle grave di Pederobba]],3236,x,,x,,,,x,,,
,BL,46.304167°N 11.906111°E,,"555540202/555580441",,IT3230043,"[[Pale di San Martino: Focobon, Pape - San Lucano, Agner - Croda Granda]]",10909,x,,x,,,,,,,
,BL,46.349722°N 12.079722°E,,"555540207/555580640",,IT3230084,[[Civetta - Cime di San Sebastiano]],6597,x,,x,,,,,,Comunità montana Cadore Longaronese Zoldo,
,BL,45.999444°N 11.708056°E,,"555540211/555580644",,IT3230090,[[Cima Campo - Monte Celado]],1812,x,,x,,,,,,,
,VR,45.6°N 10.916389°E,,555528613,,"IT3210002","[[Monti Lessini: Cascate di Molina]]",233,x,,,,,,,,Comunità montana della Lessinia,,VR,45.6495°N 10.7308°E,,555528614,,IT3210004,[[Monte Luppia e P.ta San Vigilio]],1037,x,,,,,,,,,
,VR,45.5694°N 10.721786°E,,555528615,,IT3210007,"[[Monte Baldo: Val dei Mulini, Senge di Marciaga, Rocca di Garda]]",676,x,,,,,,,,,
,VR,45.5711111111111 10.8544444444444,,555528617,,IT3210021,[[Monte Pastello (area protetta)|Monte Pastello]],1750,x,,,,,,,,,
,VR,45.473449°N 10.875817°E,,555528619,,IT3210043,[[Fiume Adige tra Belluno Veronese e Verona Ovest]],476,x,,,,,,,,,
,VI,45.828611°N 11.544722°E,,555528620,,IT3220002,[[Granezza]],1303,x,,,,,,,,,
,VI,45.8775°N 11.655°E,,555528621,,IT3220007,[[Fiume Brenta dal confine trentino a Cismon del Grappa]],1680,x,,,,,,,,,
,VI,45.6504°N 11.361°E,,555528622,,IT3220008,[[Buso della rana]],0.64,x,,,,,,,,,
,VI,45.433889°N 11.499167°E,,555528623,,"IT3220037",[[Colli Berici (area protetta)|Colli Berici]],12906,x,,,,,,,,,
,BL,46.505°N 11.8363888888889°E,,555528627,,IT3230003,[[Gruppo del Sella (area protetta)|Gruppo del Sella]],449,x,,,,,,,,,
,BL,46.4266666666667°N 11.8725°E,,555528628,,IT3230005,[[Gruppo Marmolada]],1305,x,,,,,,,,,
,BL,46.4561111111111°N 12.125°E,,555528630,,IT3230017,[[Monte Pelmo - Mondeval - Formin]],11065,x,,,,,,,,,
,BL,46.5833333333333°N 12.2597222222222°E,,555528631,,IT3230019,[[Lago di Misurina (area protetta)|Lago di Misurina]],75,x,,,,,,,,,
,BL,46.196389°N 12.339722°E,,555528634,,IT3230027,[[Monte Dolada Versante S.E]],659,x,,,,,,,,,
,BL,46.038611°N 11.956667°E,,555528636,,"IT3230042","[[Torbiera di Lipoi]]",65,x,,,,,,,,,
,BL,46.151111°N 12.242222°E,,555528637,,IT3230044,[[Fontane di Nogarè]],212,x,,,,,,,,,
,BL,46.13758°N 12.1753°E,,555528638,,IT3230045,[[Torbiera di Antole]],25,x,,,,,,,,,
,BL,46.1136111111111°N 12.3380555555556°E,,555528639,,IT3230047,[[Lago di Santa Croce (area protetta)|Lago di Santa Croce]],788,x,,,,,,,,,
,BL,"46.2380555555556°N 11.9913888888889°E",,555528641,,IT3230063,[[Torbiere di Lac Torond]],38,x,,,,,,,,,
,BL,"46.046944°N 12.215278°E",,555528642,,"IT3230067",[[Aree palustri di Melere - Monte Gal e boschi di Col d'Ongia]],111,x,,,,,,,,,
,BL,46.074444°N 12.227222°E,,555528643,,"IT3230068",[[Valpiana - Valmorel (Aree palustri)]],126,x,,,,,,,,,
,BL,46.510801°N 11.944987°E,,555540208,,IT3230086,[[Col di Lana - Settsas - Cherz]],2305,,,x,,,,,,,
,BL,46.032718°N 11.855995°E,,555540209,,IT3230087,[[Versante Sud delle Dolomiti Feltrine]],8097,,,x,,,,,,Ente Parco Nazionale Dolomiti Bellunesi,
,VB,,,,,,[[Area contigua dell'Alpe Devero]],2179.02,,,,,x,,,,,
,BI,45.5860378°N 8.0928023°E,EUAP1060,178895,,,[[Riserva naturale del Brich Zumaglia]],44.23,,,,,,,x,,Comunità Montana Valle del Cervo - La Bürsch,1995
,BI,45.5379°N 8.0288°E,,,,,[[Riserva naturale Spina verde]],475.07,,,,,,,x,,Comune di Mongrando e Comune di Occhieppo Inferiore,
,CN,,,,,,[[Riserva naturale delle Grotte del Bandito]],9.53,,,,,,,x,,Ente di gestione delle aree protette delle Alpi Marittime,
,CN,,EUAP0458,,,,[[Riserva naturale di Paesana]],72.54,,,,,,,x,,Ente di gestione delle aree protette del Monviso,
,CN,,EUAP0458,,,,"[[Riserva naturale di Paracollo, Ponte pesci vivi]]",18.82,,,,,,,x,,Ente di gestione delle aree protette del Monviso,
,CN,,EUAP0458,,,,[[Riserva naturale Fontane]],58.19,,,,,,,x,,Ente di gestione delle aree protette del Monviso,
,CN,,EUAP0458,,,,[[Riserva naturale della Confluenza del Pellice]],145,,,,,,,x,,Ente di gestione delle aree protette del Monviso,
,CN,,EUAP0363,,,,[[Riserva naturale di Benevagienna]],243,,,,,,,x,,Ente di gestione delle aree protette delle Alpi Marittime,
,CN,,,,,,[[Riserva naturale della Grotta di Rio Martino]],14,,,,,,,x,,Ente di gestione delle aree protette del Monviso,
,CN,,EUAP1200,,,,[[Riserva naturale Gesso e Stura]],4500,,,,,,,x,,Comune di Cuneo - Assessorato Ambiente e Territorio,
,NO,,EUAP0355,161929,,,[[Riserva naturale del Monte Mesma]],51.77,,,,,,,x,,Ente di gestione delle Aree Protette del Ticino e del Lago Maggiore,
,NO,,EUAP0354,161967,,,[[Riserva naturale del Colle di Buccione]],29.72,,,,,,,x,,Ente di gestione delle Aree Protette del Ticino e del Lago Maggiore,
,TO,45.4891666666667°N 7.89333333333333°E,,,,IT1110021,[[Laghi di Ivrea]],1599,x,,,,,,,,,
,TO,44.9519444444445°N 6.84972222222222°E,,,,IT1110026,[[Champlas - Colle Sestriere]],1050,x,x,,,,,,,,
,TO,45.1588888888889°N 6.95916666666667°E,,,,IT1110027,[[Boscaglie di Tasso di Giaglione (Val Clarea)]],340,x,x,,,,,,,,
,TO,45.2972222222222°N 7.15444444444444°E,,,,IT1110029,[[Pian della Mussa (Balme)]],3554,x,x,,,,,,,,
,TO,44.7558333333333°N 7.05944444444444°E,,,,IT1110032,[[Pra - Barant]],4120,x,x,,,,,,,,
,TO,44.8034104662°N 7.14118909885°E,,,,IT1110033,[[Stazioni di Myricaria germanica]],63,x,x,,,,,,,,
,TO,44.9822222222222°N 6.87444444444444°E,,,,IT1110038,[[Col Basset (Sestriere)]],271,x,x,,,,,,,,
,TO,45.1744444444444°N 7.09055555555556°E,,,,IT1110039,[[Rocciamelone]],1966,x,,,,,,,,,
,TO,45.0552777777778°N 6.83277777777778°E,,,,IT1110040,[[Oasi xerotermica di Oulx - Auberge]],1070,x,x,,,,,,,,
,TO,45.0191666666667°N 6.82222222222222°E,,,,IT1110042,[[Oasi xerotermica di Oulx - Amazas]],339,x,x,,,,,,,,
,TO,44.9572222222222°N 6.7775°E,,,,IT1110043,[[Pendici del Monte Chaberton]],329,x,x,,,,,,,,
,TO,45.0986111111111°N 6.80472222222222°E,,,,IT1110044,[[Bardonecchia - Val Fredda]],1686,x,x,,,,,,,,
,TO,44.7969444444444°N 7.19166666666667°E,,555528084,,IT1110045,[[Bosco di Pian Prà (Rorà)]],93,x,x,,,,,,,,
,TO,45.2728°N 7.4136°E,,555528086,,IT1110048,[[Grotta del Pugnetto]],19,x,x,,,,,,,,
,TO,45.0816666666667°N 6.66361111111111°E,,555528087,,IT1110049,[[Les Arnaud e Punta Quattro Sorelle]],1328,x,x,,,,,,,,
,TO,45.0469444444444°N 6.73555555555556°E,,555528090,,IT1110052,[[Oasi xerotermica di Puys - Beaulard]],468,x,x,,,,,,,,
,TO,44.8919444444444°N 6.91555555555556°E,,555528091,,IT1110053,[[Valle della Ripa (Argentera)]],327,x,x,,,,,,,,
,TO,45.1291666666667°N 7.05583333333333°E,,555528092,,IT1110055,[[Arnodera - Colle Montabone]],112,x,x,,,,,,,,
,TO,45.49°N 7.94888888888889°E,,555528093,,IT1110057,[[Serra di Ivrea]],4572,x,,,,,,,,,
,TO,44.9038888888889°N 6.79361111111111°E,,555528094,,IT1110058,[[Cima Fournier e Lago Nero]],640,x,x,,,,,,,,
,TO,45.1208°N 7.4678°E,,555528100,,IT1110081,[[Monte Musiné e Laghi di Caselette]],1524,x,,,,,,,,,
,VC,45.578°N 8.301°E,,555528102,,IT1120004,[[Baraggia di Rovasenda]],1178,x,x,,,,,,,,
,VC,45.4539°N 8.312°E,,555580367,,IT1120014,[[Garzaia del Rio Druma]],128,x,,x,,,,,,,
,VC,45.785°N 8.282°E,,555528104,,IT1120016,[[Laghetto di Sant'Agostino]],21,x,,,,,,,,,
,VC,45.2975°N 8.2328°E,,555540038,,IT1120021,[[Risaie vercellesi]],2241,,,x,,,,,,,
,VC,45.2990737174°N 8.49659420579°E,,555540039,,IT1120025,[[Lama del Badiotto e Garzaia della Brarola]],102,,,x,,,,,,,
,VC,45.519°N 8.386°E,,,,IT1120026,[[Stazioni di Isoetes malinverniana]],2043,x,,,,,,,,,
,BI,"45,6969444444444°N 8,03777777777778°E",,555528108,,IT1130002,[[Val Sessera]],10787,x,x,,,,,,,,
,CN,44.7341666666667°N 7.88555555555556°E,,555528123,,IT1160012,[[Boschi e Rocche del Roero]],1704,x,x,,,,,,,,
,CN,44.419°N 7.298°E,,555528125,,IT1160016,[[Stazione di muschi calcarizzanti - C.ba Seviana e C.ba Barmarossa]],1.61,x,x,,,,,,,,
,CN,44.421°N 7.28°E,,555528126,,IT1160017,[[Stazione di Linum narbonense]],8.28,x,x,,,,,,,,
,CN,44.2763888888889°N 8.07722222222222°E,,555528128,,IT1160020,[[Bosco di Bagnasco]],381,x,x,,,,,,,,
,CN,44.2652777777778°N 7.87027777777778°E,,555528132,,IT1160026,"[[Faggete di Pamparato, Tana del Forno, Grotta delle Turbiglie e Grotte di Bossea]]",2940,x,x,,,,,,,,
,CN,44.7°N 7.946°E,,555528133,,IT1160029,[[Colonie di chirotteri di S. Vittoria e Monticello d'Alba]],17,x,,,,,,,,,
,CN,44.1883333333333°N 7.91666666666667°E,,555528134,,IT1160035,[[M. Antoroto]],863,x,x,,,,,,,,
,CN,44.306°N 7.359°E,,555580372,,IT1160036,[[Stura di Demonte]],1174,x,,x,,,,,,,
,CN,44.6981854559°N 7.14632846289°E,,555528135,,IT1160037,[[Grotta di Rio Martino]],0.3,x,x,,,,,,,,
,CN,44.5186111111111°N 7.17611111111111°E,,555528136,,IT1160040,[[Stazioni di Euphorbia valliniana]],207,x,x,,,,,,,,
,CN,44.718°N 7.438°E,,,,IT1160041,[[Boschi e colonie di chirotteri di Staffarda]],666,x,,,,,,,,,
,CN,44.7531506223°N 8.09665554219°E,,555540057,,IT1160054,[[Fiume Tanaro e Stagni di Neive]],208,,,x,,,,,,,
,CN,44.4988326739°N 7.70374209241°E,,555540061,,IT1160059,[[Zone umide di Fossano e Sant'Albano Stura]],107,,,x,,,,,,,
,CN,44.4883355267°N 7.81366823792°E,,555540062,,IT1160060,[[Altopiano di Bainale]],1842,,,x,,,,,,,
,CN,44.1234471718°N 7.96682814343°E,,555540063,,IT1160061,[[Alto Caprauna]],1347,,,x,,,,,,,
,CN,44.42°N 7.245°E,,,,IT1160065,[[Comba di Castelmagno]],622,x,,,,,,,,,
,CN,44.33°N 7.286°E,,,,IT1160067,[[Vallone dell'Arma]],796,x,,,,,,,,,
,CN,44.497°N 7.698°E,,,,IT1160071,[[Greto e risorgive del torrente Stura]],559,x,,,,,,,,,
,VB,,EUAP0358,64453,,,[[Riserva speciale del Sacro Monte della Santissima Trinità di Ghiffa]],199.6,,,,,,,,,Ente di gestione dei Sacri Monti,
,VB,,EUAP0755,64458,,,[[Riserva speciale del Sacro Monte di Domodossola]],25.53,,,,,,,,,Ente di gestione dei Sacri Monti,
,CN,,,,,,[[Area contigua Gesso e Stura]],3734.46,,,,,,,,,,
,CN,,EUAP0541,,,,[[Zona naturale di salvaguardia dei Boschi e delle Rocche del Roero]],4702,,,,,,,,,,
,NO,,EUAP0360,15278,,,[[Riserva speciale del Sacro Monte di Orta]],13.15,,,,,,,,,Ente di gestione dei Sacri Monti,
,TO,,EUAP0359,64457,,,[[Riserva speciale del Sacro Monte di Belmonte]],349,,,,,,,,,Ente di gestione dei Sacri Monti,
,AO,45.8960°N 7.5105°E,,,,,[[Riserva naturale Montagnayes]],1170,,,,,,,x,,Regione VDA - Assessorato Agricoltura e Risorse naturali - Dipartimento Risorse naturali e Corpo forestale - Aree protette,
,AO,45.9011111111111°N 7.79277777777778°E,,555540073,,IT1204220,[[Ambienti glaciali del Gruppo del Monte Rosa]],8645,x,x,x,,,,,,,
,AO,45.7372222222222°N 7.43305555555556°E,,555540074,,IT1205070,[[Zona Umida di Les Iles di Saint - Marcel]],35,x,x,x,,,,,,,
,AO,45.5094444444444°N 7.07444444444444°E,,555528147,,IT1201010,[[Ambienti calcarei d'alta quota della Valle di Rhêmes]],1593,x,x,,,,,,,,
,AO,45.8336111111111°N 6.86611111111111°E,,555528156,,IT1204010,[[Ambienti Glaciali del Monte Bianco]],12557,x,x,,,,,,,,
,AO,45.8477352327°N 7.01811852079°E,,555528157,,IT1204032,[[Talweg della Val Ferret]],120,x,x,,,,,,,,
,AO,45.6761111111111°N 6.955°E,,555528158,,IT1205000,[[Ambienti d'alta quota delle Combe Thuilette e Sozin]],356,x,x,,,,,,,,
,AO,45.5413888888889°N 7.01388888888889°E,,555528159,,IT1205010,[[Ambienti d'alta quota della Valgrisenche]],336,x,x,,,,,,,,
,AO,45.8666666666667°N 7.14694444444444°E,,555528160,,IT1205020,[[Ambienti d'alta quota del Colle del Gran San Bernardo]],750,x,x,,,,,,,,
,AO,45.6816666666667°N 7.22111111111111°E,,555528161,,IT1205030,[[Pont D'ael]],183,x,x,,,,,,,,
,AO,45.7024325712°N 7.24820877641°E,,555528162,,IT1205034,[[Castello e miniere abbandonate di Aymavilles]],1.59,x,x,,,,,,,,
,AO,45.7199776024°N 7.23836848064°E,,555528163,,IT1205050,[[Ambienti Xerici del Mont Torretta - Bellon]],49,x,x,,,,,,,,
,AO,45.636959145°N 7.31181552635°E,,555528164,,IT1205061,[[Stazione di Astragalus alopecurus di Cogne]],36,x,x,,,,,,,,
,AO,45.8559097788°N 7.53817404578°E,,555528167,,IT1205081,[[Ambienti calcarei d'alta quota attorno al Lago Tsan]],453,x,x,,,,,,,,
,AO,45.8483333333333°N 7.56472222222222°E,,555528168,,IT1205082,[[Stagno di Lo Ditor]],22,x,x,,,,,,,,
,AO,45.7533333333333°N 7.5825°E,,555528169,,IT1205090,[[Ambienti xerici di Grand Brison - Cly]],97,x,x,,,,,,,,
,AO,45.6322222222222°N 7.78333333333333°E,,555528170,,IT1205110,[[Stazione di Paeonia officinalis]],33,x,x,,,,,,,,
,AO,45.8671409946°N 7.0169932458°E,,555540072,,IT1204030,[[Val Ferret]],9080,,,x,,,,,,,
,BZ,46.6819°N 10.5769°E,,555528473,,IT3110001,[[Biotopo Vegetazione Steppica Tartscher Leiten]],38,x,x,,,,,x,,"Provincia Autonoma di Bolzano - Alto Adige - Dipartimento all'urbanistica, ambiente ed energia - Ufficio parchi naturali",
,BZ,46.65°N 10.9531°E,,555540149,,IT3110010,[[Biotopo Vegetazione Steppica Sonnenberg]],204,x,x,x,,,,,,,
,BZ,46.9414°N 11.4875°E,,555528477,,IT3110015,[[Biotopo Hühnerspiel]],144,x,x,,,,,x,,,
,BZ,46.8889°N 11.95°E,,555580405,,IT3110018,[[Ontaneti dell'Aurino]],36,x,x,x,,,,,,,
,BZ,46.7214°N 12.22°E,,555528481,,IT3110022,[[Biotopo Ontaneto della Rienza - Dobbiaco]],17,x,x,,,,,,,,
,BZ,46.503°N 11.2389°E,,555528494,,IT3110046,[[Biotopo Palude della Volpe]],4.04,x,x,,,,,,,,
,BZ,46.4301°N 11.411°E,EUAP0515,178915,Q14545639,IT3110031,[[Biotopo Torbiera Wölfl]],10,x,x,,,,,x,,,
,BZ,46.4343°N 11.3979°E,EUAP0434,178935,Q14545639,IT3110032,Biotopo Torbiera Tschingger,3.08,x,x,,,,,x,,,
,BZ,46.6261°N 11.9267°E,,555528495,,IT3110048,Prati dell'Armentara,342,x,x,,,,,,,,
,BZ,46.3353°N 11.2883°E,,178745,,IT3110035,Biotopo Castelfeder,108,x,x,,,,,x,,,
,BZ,46.7933°N 10.5578°E,,555528489,,IT3110041,Jaggl,702,x,x,,,,,,,,
,BZ,46.6283°N 10.7923°E,,555528492,,IT3110044,Biotopo Sonnenberg Vegetazione Steppica Schlanderser Leiten,25,x,x,,,,,,,,
,BZ,46.6369°N 10.7314°E,,555528493,,IT3110045,Biotopo Sonnenberg Vegetazione Steppica Kortscher Leiten,56,x,x,,,,,,,,
,BZ,46.805°N 11.9275°E,,555580412,,IT3110051,Biotopo Ahrau di Stegona,18,x,x,x,,,,,,,
,BZ,46.3705°N 11.342°E,,,,IT3110052,Biotopo Bigleidermoos,5.04,x,,,,,,,,,
,BZ,46.6786°N 10.5591°E,,,,IT3110053,Biotopo Tartscher Bühel,22,x,,,,,,,,,
,BZ,46.6083°N 11.1262°E,,,,IT3110054,Gaulschlucht,66,x,,,,,,,,,
,BZ,46.6125°N 10.6538°E,,,,IT3110055,Schgumser Möser,24,x,,,,,,,,,
,TN,46.2836°N 11.3154°E,,555528502,,IT3120019,Lago Nero,3.08,x,x,,,,,x,,Rete di Riserve Alta Val di Cembra - Avisio,
,TN,46.2961111111111°N 11.3683333333333°E,EUAP0498,178807,Q14545639,IT3120020,[[Biotopo Palù Longa]],5.93,x,x,,,,,,,Rete di Riserve Fiemme-Destra Avisio,
,TN,46.3094444444445°N 11.6722222222222°E,,555528505,,IT3120023,Sorte di Bellamonte,11,x,x,,,,,,,,
,TN,46.2719°N 11.6077°E,,555528507,,IT3120027,Canzenagol,3.39,x,x,,,,,,,,
,TN,46.1067°N 11.6308°E,,555528510,,IT3120031,Masi Carretta,3.02,x,x,,,,,,,,
,TN,46.1388°N 11.31843°E,,555528515,,IT3120036,Redebus,10,x,x,,,,,,,,
,TN,46.0332°N 11.2571°E,,390517,,IT3120043,[[Biotopo Pizè]],,,,,,,,,,,
,TN,46.2451°N 11.2799°E,,555528523,,IT3120047,Paluda La Lot,6.62,x,x,,,,,,,Rete di Riserve Alta Val di Cembra - Avisio,
,TN,46.2375°N 11.2683333333333°E,,555528524,,IT3120048,Laghetto di Vedes,8.26,x,x,,,,,,,Rete di Riserve Alta Val di Cembra - Avisio,
,TN,46.091424°N 11.090332°E,,555528527,,IT3120051,Stagni della Vela - Soprasasso,87,x,x,,,,,,,Rete di Riserve Bondone,
,TN,46.0736111111111°N 11.1119444444444°E,,555528528,,IT3120052,Doss Trento (area protetta),16,x,x,,,,,,,,
,TN,46.495563°N 11.058072°E,,555528534,,IT3120058,Torbiere di Monte Sous,99,x,x,,,,,,,,
,TN,46.33788°N 11.058277°E,,555528536,,IT3120060,Forra di S. Giustina,24,x,x,,,,,,,,
,TN,45.8711111111111°N 10.6538888888889°E,,555528543,,IT3120076,Lago d'Ampola,24,x,x,,,,,,,Rete di Riserve Alpi Ledrensi,
,TN,46.4016891199°N 11.6314663509°E,,555528548,,IT3120084,Roncon,2.9,x,x,,,,,,,,
,TN,46.0063°N 11.3933°E,,555528549,,IT3120085,Il Laghetto,7.71,x,x,,,,,,,,
,TN,45.9372222222222°N 11.0694444444444°E,,555528550,,IT3120086,Servis,313,x,x,,,,,,,,
,TN,46.1272222222222°N 11.0611111111111°E,,555528551,,IT3120087,Laghi e abisso di Lamar,25,x,x,,,,,,,Rete di Riserve Bondone,
,TN,45.9588888888889°N 11.2975°E,,555528552,,IT3120088,Palu' di Monte Rovere,16,x,x,,,,,,,,
,TN,46.1272222222222°N 11.1961111111111°E,,555528553,,IT3120089,Montepiano - Palu' di Fornace,33,x,x,,,,,,,,
,TN,46.101705°N 11.26243°E,,555528554,,IT3120090,Monte Calvo,1.19,x,x,,,,,,,,
,TN,46.0285°N 11.2559°E,,555528555,,IT3120091,Alberè di Tenna,6.72,x,x,,,,,,,,
,TN,45.9155555555556°N 10.7691666666667°E,,555580424,,IT3120093,Crinale Pichea - Rocchetta,1009,,,x,,,,,,Rete di Riserve Alpi Ledrensi,
,TN,45.8144444444444°N 10.6058333333333°E,,555580419,,IT3120094,Alpe di Storo e Bondone,759,,,x,,,,,,Rete di Riserve Alpi Ledrensi,
,TN,45.7661111111111°N 10.9405555555556°E,,555580423,,IT3120095,Bocca D'ardole - Corno della Paura,178,,,x,,,,,,Parco Naturale Locale del Monte Baldo,
,TN,45.7042681782°N 11.0881866472°E,,555540175,,IT3120098,Monti Lessini Nord,792,,,x,,,,,,,
,TN,45.7276038615°N 11.1402875322°E,,555540176,,IT3120099,Piccole Dolomiti,1229,,,x,,,,,,,
,TN,45.8142194007°N 11.1740885416°E,,555540177,,IT3120100,Pasubio (area protetta),1836,,,x,,,,,,,
,TN,45.8975°N 10.6025°E,,555528556,,IT3120101,Condino,70,x,x,,,,,,,,
,TN,46.1258333333333°N 11.1825°E,,555528557,,IT3120102,Lago di Santa Colomba,5.74,x,x,,,,,,,,
,TN,45.7425°N 10.8613888888889°E,,555528558,,IT3120104,Monte Baldo - Cima Valdritta,456,x,x,,,,,,,,
,TN,46.035°N 11.0822222222222°E,,555528559,,IT3120105,Burrone di Ravina,533,x,x,,,,,,,Rete di Riserve Bondone,
,TN,46.3727777777778°N 11.5961111111111°E,,555528560,,IT3120106,Nodo del Latemar,1862,x,x,,,,,,,Rete di Riserve Fiemme-Destra Avisio,
,TN,46.4205555555556°N 11.7883333333333°E,,555528561,,IT3120108,Val San Nicolò,715,x,x,,,,,,,Rete di Riserve della Val di Fassa,
,TN,46.1513888888889°N 10.7941666666667°E,,555528562,,IT3120109,Valle Flanginech,81,x,x,,,,,,,Rete di Riserve del fiume Sarca - alto corso,
,TN,46.0991666666667°N 11.0569444444444°E,,555528563,,IT3120110,Terlago (area protetta),109,x,x,,,,,,,,
,TN,45.8697222222222°N 10.9594444444444°E,,555528564,,IT3120111,Manzano,99,x,x,,,,,,,Parco Naturale Locale del Monte Baldo,
,TN,46.3697222222222°N 10.9147222222222°E,,555528565,,IT3120112,Arnago,157,x,x,,,,,,,,
,TN,46.2789°N 11.43898°E,,555528566,,IT3120113,Molina - Castello,54,x,x,,,,,,,Rete di Riserve Fiemme-Destra Avisio,
,TN,45.8477777777778°N 11.0377777777778°E,,555528567,,IT3120114,Monte Zugna,1693,x,x,,,,,,,,
,TN,45.9886111111111°N 10.9116666666667°E,,555528568,,IT3120115,Monte Brento,254,x,x,,,,,,,Rete di Riserve del fiume Sarca - basso corso,
,TN,46.2777777777778°N 11.1197222222222°E,,555528569,,IT3120116,Monte Malachin,169,x,x,,,,,,,,
,TN,46.3369444444444°N 10.9005555555556°E,,555528570,,IT3120117,Ontaneta di Croviana,28,x,x,,,,,,,,
,TN,46.282447°N 11.53118°E,,555528571,,IT3120118,Lago (Val di Fiemme),12,x,x,,,,,,,,
,TN,46.4925°N 11.6691666666667°E,,555528572,,IT3120119,Val Duron,811,x,x,,,,,,,Rete di Riserve della Val di Fassa,
,TN,45.8252777777778°N 10.5527777777778°E,,555528573,,IT3120120,Bassa Valle del Chiese,27,x,x,,,,,,,,
,TN,45.9383°N 11.2236°E,,555528595,,IT3120121,Carbonare,12,x,x,,,,,,,,
,TN,46.0577°N 11.1421°E,,555528575,,IT3120122,Gocciadoro,27,x,x,,,,,,,,
,TN,46.0483333333333°N 11.2683333333333°E,,555528576,,IT3120123,Assizzi - Vignola,91,x,x,,,,,,,,
,TN,46.0675°N 11.4477777777778°E,,555528577,,IT3120124,Torcegno,47,x,x,,,,,,,,
,TN,46.035°N 11.4225°E,,555528578,,IT3120125,Zaccon,371,x,x,,,,,,,,
,TN,46.1183333333333°N 11.8502777777778°E,,555580427,,IT3120126,Val Noana,730,x,x,x,,,,,,,
,TN,46.3161111111111°N 11.5433333333333°E,,555528580,,IT3120128,Alta Val Stava,1775,x,x,,,,,,,Rete di Riserve Fiemme-Destra Avisio,
,TN,46.4427777777778°N 11.8625°E,,555528581,,IT3120129,Ghiacciaio Marmolada,463,x,x,,,,,,,Rete di Riserve della Val di Fassa,
,TN,46.0871°N 11.6147°E,,555528582,,IT3120130,Il Colo,0.29,x,x,,,,,,,,
,TN,46.1064°N 11.6612°E,,555528583,,IT3120131,Grotta Uvada,1.16,x,x,,,,,,,,
,TN,45.9794°N 11.65669°E,,555528584,,IT3120132,Grotta di Ernesto,1.06,x,x,,,,,,,,
,TN,46.009°N 11.61824°E,,555528585,,IT3120134,Grotta del Calgeron,0.92,x,x,,,,,,,,
,TN,46.0176°N 11.5826°E,,555528586,,IT3120135,Grotta della Bigonda,1.23,x,x,,,,,,,,
,TN,46.22685°N 11.027°E,,555528587,,IT3120136,Bus della Spia,0.66,x,x,,,,,,,,
,TN,45.93823°N 10.90885°E,,555528588,,IT3120137,Bus del Diaol,1.04,x,x,,,,,,,,
,TN,46.146693°N 11.047943°E,,555528589,,IT3120138,Grotta Cesare Battisti,0.45,x,x,,,,,,,,
,TN,45.9877°N 11.3748°E,,555528590,,IT3120139,Grotta di Costalta,0.54,x,x,,,,,,,,
,TN,46.219175°N 11.063255°E,,555528591,,IT3120141,Grotta della Lovara,0.95,x,x,,,,,,,,
,TN,46.3419444444444°N 11.1627777777778°E,,555528592,,IT3120144,Valle del Verdes,2185,x,x,,,,,,,,
,TN,46.4763888888889°N 11.1097222222222°E,,555528593,,IT3120146,Laghetto delle Regole,21,x,x,,,,,,,,
,TN,45.6994444444444°N 10.9419444444444°E,,555528594,,IT3120147,Monti Lessini Ovest,1025,x,x,,,,,,,,
,TN,45.9013888888889°N 11.0613888888889°E,,555528595,,IT3120149,Monte Ghello,148,x,x,,,,,,,,
,TN,45.8267°N 10.9884°E,,555528596,,IT3120150,Talpina - Brentonico,241,x,x,,,,,,,Parco Naturale Locale del Monte Baldo,
,TN,46.0452777777778°N 10.7133333333333°E,,555528597,,IT3120152,Tione - Villa Rendena,185,x,x,,,,,,,Rete di Riserve del fiume Sarca - alto corso,
,TN,46.0238888888889°N 10.6891666666667°E,,555528598,,IT3120154,Le Sole,10,x,x,,,,,,,Rete di Riserve del fiume Sarca - alto corso,
,TN,46.2586111111111°N 10.6975°E,,555528599,,IT3120165,Vermiglio - Folgarida,8723,x,x,,,,,,,,
,TN,46.0164°N 10.6117°E,,555528600,,IT3120166,Re' di Castello - Breguzzo,3629,x,x,,,,,,,,
,TN,46.3566666666667°N 11.4863888888889°E,,555528603,,IT3120169,Torbiere del Lavaze',19,x,x,,,,,,,Rete di Riserve Fiemme-Destra Avisio,
,TN,46.1308333333333°N 11.1688888888889°E,,555528604,,IT3120170,Monte Barco - Le Grave,201,x,x,,,,,,,,
,TN,45.8166666666667°N 10.9025°E,,555528607,,IT3120173,Monte Baldo di Brentonico,2120,x,x,,,,,,,Parco Naturale Locale del Monte Baldo,
,TN,45.935°N 10.5258333333333°E,,555528608,,IT3120174,Monte Rema' - Clevet,491,x,x,,,,,,,,
,TN,46.3033333333333°N 10.905°E,,555528610,,IT3120176,Monte Sadron,2181,x,x,,,,,,,,
,TN,46.442°N 11.74876°E,,555624503,,IT3120179,Val Jumela,36,x,,,,,,,,,
,TN,,,,,,[[Parco naturale locale del Monte Baldo]],4654,,,,,,,,,Parco Naturale Locale del Monte Baldo,
,TN,46.0186111111111°N 11.0427777777778°E,EUAP0712,390515,Q14545639,,[[Riserva naturale provinciale Torbiera delle Viote]],13,,,,,,,,,Rete di Riserve Bondone,
,TN,45.8657°N 10.9271°E,EUAP0484,161981,Q14545639,,[[Biotopo Lago di Loppio]],112.6,,,,,,,,,Parco Naturale Locale del Monte Baldo,
,TN,,,161980,Q14545639,,[[Biotopo Lago d'Ampola]],,,,,,,,,,Rete di Riserve Alpi Ledrensi,
,TN,,,,,,[[Riserva naturale provinciale Corna Piana]],,,,,,,,,,Parco Naturale Locale del Monte Baldo,
,TN,,,,,,Riserva locale Acqua della Rossa,3.26,,,,,,,,,Rete di Riserve Alta Valle di Cembra - Avisio,
,TN,,,,,,Riserva Locale Alochet,15.96,,,,,,,,,Rete di Riserve della Val di Fassa,
,UD,46.315287°N 13.35252°E,EUAP0963,555540255,Q14545639,IT3321002,[[Alpi Giulie (area protetta)|Alpi Giulie]],18033,x,x,x,,x,,,,"Regione Autonoma Friuli Venezia Giulia – Direzione Centrale risorse rurali, agroalimentari e forestali – Servizio caccia, risorse ittiche e biodiversità",
,UD,46.2097°N 13.4661°E,,555528702,,IT3320018,[[Forra del Pradolina e Monte Mia]],1010,x,x,,,,,,,"Regione Autonoma Friuli Venezia Giulia – Direzione Centrale risorse rurali, agroalimentari e forestali – Servizio caccia, risorse ittiche e biodiversità",
,UD,46.2114°N 13.3933°E,,555528698,,IT3320014,[[Torrente Lerada]],365,x,x,,,,,,,"Regione Autonoma Friuli Venezia Giulia – Direzione Centrale risorse rurali, agroalimentari e forestali – Servizio caccia, risorse ittiche e biodiversità",
,UD,46.2797°N 13.3489°E,,555528701,,IT3320017,[[Rio Bianco di Taipana e Gran Monte]],1721,x,x,,,,,,,"Regione Autonoma Friuli Venezia Giulia – Direzione Centrale risorse rurali, agroalimentari e forestali – Servizio caccia, risorse ittiche e biodiversità",
,UD,46.2425°N 13.2969°E,,555528700,,IT3320016,[[Forra del Cornappo]],299,x,x,,,,,,,"Regione Autonoma Friuli Venezia Giulia – Direzione Centrale risorse rurali, agroalimentari e forestali – Servizio caccia, risorse ittiche e biodiversità",
,UD,46.3083°N 13.1375°E,,555528697,,IT3320013,[[Lago Minisini e Rivoli Bianchi]],402,x,x,,,,,,,"Regione Autonoma Friuli Venezia Giulia – Direzione Centrale risorse rurali, agroalimentari e forestali – Servizio caccia, risorse ittiche e biodiversità",
,UD,46.4689°N 13.6589°E,,555528690,,IT3320006,[[Conca di Fusine]],3598,x,x,,,,,,,"Regione Autonoma Friuli Venezia Giulia – Direzione Centrale risorse rurali, agroalimentari e forestali – Servizio caccia, risorse ittiche e biodiversità",
,UD,46.4611°N 13.2389°E,,555528693,,IT3320009,[[Zuc dal Bor (area protetta)|Zuc dal Bor]],1415,x,x,,,,,,,"Regione Autonoma Friuli Venezia Giulia – Direzione Centrale risorse rurali, agroalimentari e forestali – Servizio caccia, risorse ittiche e biodiversità",
,UD,"46.5561°N 13.3344°E",,555528688,,"IT3320004",[[Monte Auernig e Monte Corona]],465,x,x,,,,,,,"Regione Autonoma Friuli Venezia Giulia – Direzione Centrale risorse rurali, agroalimentari e forestali – Servizio caccia, risorse ittiche e biodiversità",
,UD,46.4597°N 12.8072°E,,555528692,,IT3320008,[[Col Gentile (area protetta)|Col Gentile]],1038,x,x,,,,,,,"Regione Autonoma Friuli Venezia Giulia – Direzione Centrale risorse rurali, agroalimentari e forestali – Servizio caccia, risorse ittiche e biodiversità",
,UD,46.4472°N 12.6322°E,,555528691,,IT3320007,[[Monti Bivera e Clapsavon]],1832,x,x,,,,,,,"Regione Autonoma Friuli Venezia Giulia – Direzione Centrale risorse rurali, agroalimentari e forestali – Servizio caccia, risorse ittiche e biodiversità",
,UD/PN,"46.3572°N 12.8644°E",,555528695,,"IT3320011",[[Monti Verzegnis e Valcalda]],2406,x,x,,,,,,,"Regione Autonoma Friuli Venezia Giulia – Direzione Centrale risorse rurali, agroalimentari e forestali – Servizio caccia, risorse ittiche e biodiversità",
,PN,"46.2339°N 12.8703°E",,555528675,,IT3310003,[[Monte Ciaurlec e Forra del Torrente Cosa]],875,x,x,,,,,,,"Regione Autonoma Friuli Venezia Giulia – Direzione Centrale risorse rurali, agroalimentari e forestali – Servizio caccia, risorse ittiche e biodiversità",
,PN,"46.2006°N 12.6783°E",,555528674,,IT3310002,[[Val Colvera di Jof]],396,x,x,,,,,,,"Regione Autonoma Friuli Venezia Giulia – Direzione Centrale risorse rurali, agroalimentari e forestali – Servizio caccia, risorse ittiche e biodiversità",
,UD,46.1668°N 13.3103°E,,555624504,,IT3320039,[[Palude di Racchiuso]],12,x,,,,,,,,"Regione Autonoma Friuli Venezia Giulia – Direzione Centrale risorse rurali, agroalimentari e forestali – Servizio caccia, risorse ittiche e biodiversità",
Q3895722,,,EUAP0196,,,,,,,,,,,,,,,
Q3895483,,,EUAP0192,,,,,,,,,,,,,,,
Q47780554,,,EUAP0199,,,,,,,,,,,,,,,
Q3936746,,,EUAP1209,,,,,,,,,,,,,,,
Q3936670,,,EUAP0323,,,,,,,,,,,,,,,
Q47508612,,,EUAP1208,,,,,,,,,,,,,,,
Q47508625,,,EUAP0328,,,,,,,,,,,,,,,
Q3936678,,,EUAP0327,,,,,,,,,,,,,,,
Q47483721,,,EUAP0284,,,,,,,,,,,,,,,
Q47486991,,,EUAP0308,,,,,,,,,,,,,,,
Q47487014,,,EUAP0311,,,,,,,,,,,,,,,
Q3936742,,,EUAP0337,,,,,,,,,,,,,,,
Q47508660,,,EUAP0317,,,,,,,,,,,,,,,
Q3936598,,,EUAP0305,,,,,,,,,,,,,,,
Q3936692,,,EUAP0329,,,,,,,,,,,,,,,
Q47516391,,,EUAP0742,,,,,,,,,,,,,,,
Q3862733,,,EUAP0733,,,,,,,,,,,,,,,
Q47516420,,,EUAP0741,,,,,,,,,,,,,,,
Q3862732,,,EUAP0739,,,,,,,,,,,,,,,
Q3862731,,,EUAP0725,,,,,,,,,,,,,,,
Q3862729,,,EUAP0723,,,,,,,,,,,,,,,
Q47508663,,,EUAP0720,,,,,,,,,,,,,,,
Q3862727,,,EUAP0719,,,,,,,,,,,,,,,
Q3862728,,,EUAP0735,,,,,,,,,,,,,,,
Q47481130,,,EUAP0326,,,,,,,,,,,,,,,
Q47489107,,,EUAP0340,,,,,,,,,,,,,,,
Q3862694,,,EUAP0281,,,,,,,,,,,,,,,
Q47489274,,,EUAP0332,,,,,,,,,,,,,,,
Q47486860,,,EUAP0193,,,,,,,,,,,,,,,
Q945111,,,EUAP0716,,,,,,,,,,,,,,,
Q47508288,,,EUAP0869,,,,,,,,,,,,,,,
Q1086637,,,EUAP0015,,,,,,,,,,,,,,,
Q3895676,,,EUAP0241,,,,,,,,,,,,,,,
Q3895680,,,EUAP0242,,,,,,,,,,,,,,,
Q847690,,,EUAP0006,,,,,,,,,,,,,,,
Q358729,,,EUAP0014,,,,,,,,,,,,,,,
Q2052054,,,EUAP0223,,,,,,,,,,,,,,,
Q3895631,,,EUAP0205,,,,,,,,,,,,,,,
Q388329,,,EUAP0208,,,,,,,,,,,,,,,
Q2052058,,,EUAP0217,,,,,,,,,,,,,,,
Q3895417,,,EUAP0883,,,,,,,,,,,,,,,
Q3895654,,,EUAP0886,,,,,,,,,,,,,,,
Q3895655,,,EUAP0887,,,,,,,,,,,,,,,
Q16587118,,,EUAP0884,,,,,,,,,,,,,,,
Q3895638,,,EUAP0207,,,,,,,,,,,,,,,
Q3895647,,,EUAP0220,,,,,,,,,,,,,,,
Q3895639,,,EUAP0209,,,,,,,,,,,,,,,
Q3895646,,,EUAP0219,,,,,,,,,,,,,,,
Q3364585,,,EUAP1056,,,,,,,,,,,,,,,
Q3895625,,,EUAP0204,,,,,,,,,,,,,,,
Q3364595,,,EUAP1057,,,,,,,,,,,,,,,
Q1533952,,,EUAP0214,,,,,,,,,,,,,,,
Q3936768,,,EUAP0347,,,,,,,,,,,,,,,
Q3936754,,,EUAP0757,,,,,,,,,,,,,,,
Q47462613,,,EUAP0888,,,,,,,,,,,,,,,
Q3895501,,,EUAP0455,,,,,,,,,,,,,,,
Q3936764,,,EUAP0366,,,,,,,,,,,,,,,
Q3936766,,,EUAP1058,,,,,,,,,,,,,,,
Q47357403,,,EUAP0458,,,,,,,,,,,,,,,
Q3936914,,,EUAP0356,,,,,,,,,,,,,,,
Q47358511,,,EUAP0367,,,,,,,,,,,,,,,
Q3936881,,,EUAP0349,,,,,,,,,,,,,,,
Q3936735,,,EUAP0096,,,,,,,,,,,,,,,
Q3936640,,,EUAP0095,,,,,,,,,,,,,,,
Q3936907,,,EUAP0346,,,,,,,,,,,,,,,
Q3936791,,,EUAP0357,,,,,,,,,,,,,,,
Q3936752,,,EUAP0352,,,,,,,,,,,,,,,
Q3936781,,,EUAP0365,,,,,,,,,,,,,,,
Q3936778,,,EUAP0370,,,,,,,,,,,,,,,
Q47461701,,,EUAP0458,,,,,,,,,,,,,,,
Q47461876,,,EUAP0458,,,,,,,,,,,,,,,
Q3936918,,,EUAP0344,,,,,,,,,,,,,,,
Q18288355,,,EUAP0368,,,,,,,,,,,,,,,
Q47350686,,,EUAP1199,,,,,,,,,,,,,,,
Q47355273,,,EUAP1198,,,,,,,,,,,,,,,
Q47362077,,,EUAP0882,,,,,,,,,,,,,,,
Q3936915,,,EUAP0361,,,,,,,,,,,,,,,
Q847690,,,EUAP0006,,,,,,,,,,,,,,,
Q3364601,,,EUAP0239,,,,,,,,,,,,,,,
Q47463201,,,EUAP0408,,,,,,,,,,,,,,,
Q47463235,,,EUAP0406,,,,,,,,,,,,,,,
Q16596810,,,EUAP0409,,,,,,,,,,,,,,,
Q47463300,,,EUAP0407,,,,,,,,,,,,,,,
Q47463265,,,EUAP0412,,,,,,,,,,,,,,,
Q3936733,,,EUAP0413,,,,,,,,,,,,,,,
Q15639833,,,EUAP0414,,,,,,,,,,,,,,,
Q3457350,,,EUAP0410,,,,,,,,,,,,,,,
Q3457473,,,EUAP0411,,,,,,,,,,,,,,,
Q1891711,,,EUAP0017,,,,,,,,,,,,,,,
Q520612,,,EUAP0941,,,,,,,,,,,,,,,
Q1970690,,,EUAP0943,,,,,,,,,,,,,,,
Q1970612,,,EUAP0939,,,,,,,,,,,,,,,
Q740279,,,EUAP0942,,,,,,,,,,,,,,,
Q264624,,,EUAP0940,,,,,,,,,,,,,,,
Q1970453,,,EUAP0937,,,,,,,,,,,,,,,
Q1970634,,,EUAP0938,,,,,,,,,,,,,,,
Q3640206,,,EUAP0421,,,,,,,,,,,,,,,
Q3640226,,,EUAP0511,,,,,,,,,,,,,,,
Q3640225,,,EUAP0509,,,,,,,,,,,,,,,
Q3640227,,,EUAP0510,,,,,,,,,,,,,,,
Q3640256,,,EUAP0514,,,,,,,,,,,,,,,
Q3640223,,,EUAP0568,,,,,,,,,,,,,,,
Q3640250,,,EUAP0433,,,,,,,,,,,,,,,
Q1347540,,,EUAP0566,,,,,,,,,,,,,,,
Q47538736,,,EUAP0571,,,,,,,,,,,,,,,
Q3936832,,,EUAP0405,,,,,,,,,,,,,,,
Q3936809,,,EUAP0403,,,,,,,,,,,,,,,
Q3640241,,,EUAP0504,,,,,,,,,,,,,,,
Q3640246,,,EUAP0506,,,,,,,,,,,,,,,
Q3640229,,,EUAP0501,,,,,,,,,,,,,,,
Q3640230,,,EUAP0502,,,,,,,,,,,,,,,
Q3825549,,,EUAP0480,,,,,,,,,,,,,,,
Q3640204,,,EUAP0472,,,,,,,,,,,,,,,
Q3640218,,,EUAP0486,,,,,,,,,,,,,,,
Q3640217,,,EUAP0481,,,,,,,,,,,,,,,
Q3640203,,,EUAP0471,,,,,,,,,,,,,,,
Q3640214,,,EUAP0479,,,,,,,,,,,,,,,
Q3640238,,,EUAP0505,,,,,,,,,,,,,,,
Q47517194,,,EUAP0490,,,,,,,,,,,,,,,
Q3640208,,,EUAP0474,,,,,,,,,,,,,,,
Q3640213,,,EUAP0478,,,,,,,,,,,,,,,
Q47517151,,,EUAP0485,,,,,,,,,,,,,,,
Q3640233,,,EUAP0499,,,,,,,,,,,,,,,
Q3640235,,,EUAP0500,,,,,,,,,,,,,,,
Q3640237,,,EUAP0497,,,,,,,,,,,,,,,
Q3640212,,,EUAP0477,,,,,,,,,,,,,,,
Q47510348,,,EUAP0483,,,,,,,,,,,,,,,
Q3640234,,,EUAP0495,,,,,,,,,,,,,,,
Q3640207,,,EUAP0473,,,,,,,,,,,,,,,
Q266709,,,EUAP0492,,,,,,,,,,,,,,,
Q47484722,,,EUAP0494,,,,,,,,,,,,,,,
Q3640248,,,EUAP0508,,,,,,,,,,,,,,,
Q3640240,,,EUAP0503,,,,,,,,,,,,,,,
Q769604,,,EUAP0930,,,,,,,,,,,,,,,
Q267909,,,EUAP0232,,,,,,,,,,,,,,,
Q3640209,,,EUAP0475,,,,,,,,,,,,,,,
Q3640222,,,EUAP0493,,,,,,,,,,,,,,,
Q3640219,,,EUAP0488,,,,,,,,,,,,,,,
Q3640236,,,EUAP0496,,,,,,,,,,,,,,,
Q44392306,,,EUAP0487,,,,,,,,,,,,,,,
Q3640245,,,EUAP0507,,,,,,,,,,,,,,,
Q683241,,,EUAP0962,,,,,,,,,,,,,,,
Q3936584,,,EUAP0682,,,,,,,,,,,,,,,
Q47510380,,,EUAP0977,,,,,,,,,,,,,,,
Q47510506,,,EUAP0078,,,,,,,,,,,,,,,
